Email,Password,FirstName,LastName,Country,Address,PostalCode,City
generaccccctor@gmail.com,random,random,random,random,random,random,random
generacccccto.r@gmail.com,random,random,random,random,random,random,random
generaccccct.or@gmail.com,random,random,random,random,random,random,random
generaccccct.o.r@gmail.com,random,random,random,random,random,random,random
generaccccc.tor@gmail.com,random,random,random,random,random,random,random
generaccccc.to.r@gmail.com,random,random,random,random,random,random,random
generaccccc.t.or@gmail.com,random,random,random,random,random,random,random
generaccccc.t.o.r@gmail.com,random,random,random,random,random,random,random
generacccc.ctor@gmail.com,random,random,random,random,random,random,random
generacccc.cto.r@gmail.com,random,random,random,random,random,random,random
generacccc.ct.or@gmail.com,random,random,random,random,random,random,random
generacccc.ct.o.r@gmail.com,random,random,random,random,random,random,random
generacccc.c.tor@gmail.com,random,random,random,random,random,random,random
generacccc.c.to.r@gmail.com,random,random,random,random,random,random,random
generacccc.c.t.or@gmail.com,random,random,random,random,random,random,random
generacccc.c.t.o.r@gmail.com,random,random,random,random,random,random,random
generaccc.cctor@gmail.com,random,random,random,random,random,random,random
generaccc.ccto.r@gmail.com,random,random,random,random,random,random,random
generaccc.cct.or@gmail.com,random,random,random,random,random,random,random
generaccc.cct.o.r@gmail.com,random,random,random,random,random,random,random
generaccc.cc.tor@gmail.com,random,random,random,random,random,random,random
generaccc.cc.to.r@gmail.com,random,random,random,random,random,random,random
generaccc.cc.t.or@gmail.com,random,random,random,random,random,random,random
generaccc.cc.t.o.r@gmail.com,random,random,random,random,random,random,random
generaccc.c.ctor@gmail.com,random,random,random,random,random,random,random
generaccc.c.cto.r@gmail.com,random,random,random,random,random,random,random
generaccc.c.ct.or@gmail.com,random,random,random,random,random,random,random
generaccc.c.ct.o.r@gmail.com,random,random,random,random,random,random,random
generaccc.c.c.tor@gmail.com,random,random,random,random,random,random,random
generaccc.c.c.to.r@gmail.com,random,random,random,random,random,random,random
generaccc.c.c.t.or@gmail.com,random,random,random,random,random,random,random
generaccc.c.c.t.o.r@gmail.com,random,random,random,random,random,random,random
generacc.ccctor@gmail.com,random,random,random,random,random,random,random
generacc.cccto.r@gmail.com,random,random,random,random,random,random,random
generacc.ccct.or@gmail.com,random,random,random,random,random,random,random
generacc.ccct.o.r@gmail.com,random,random,random,random,random,random,random
generacc.ccc.tor@gmail.com,random,random,random,random,random,random,random
generacc.ccc.to.r@gmail.com,random,random,random,random,random,random,random
generacc.ccc.t.or@gmail.com,random,random,random,random,random,random,random
generacc.ccc.t.o.r@gmail.com,random,random,random,random,random,random,random
generacc.cc.ctor@gmail.com,random,random,random,random,random,random,random
generacc.cc.cto.r@gmail.com,random,random,random,random,random,random,random
generacc.cc.ct.or@gmail.com,random,random,random,random,random,random,random
generacc.cc.ct.o.r@gmail.com,random,random,random,random,random,random,random
generacc.cc.c.tor@gmail.com,random,random,random,random,random,random,random
generacc.cc.c.to.r@gmail.com,random,random,random,random,random,random,random
generacc.cc.c.t.or@gmail.com,random,random,random,random,random,random,random
generacc.cc.c.t.o.r@gmail.com,random,random,random,random,random,random,random
generacc.c.cctor@gmail.com,random,random,random,random,random,random,random
generacc.c.ccto.r@gmail.com,random,random,random,random,random,random,random
generacc.c.cct.or@gmail.com,random,random,random,random,random,random,random
generacc.c.cct.o.r@gmail.com,random,random,random,random,random,random,random
generacc.c.cc.tor@gmail.com,random,random,random,random,random,random,random
generacc.c.cc.to.r@gmail.com,random,random,random,random,random,random,random
generacc.c.cc.t.or@gmail.com,random,random,random,random,random,random,random
generacc.c.cc.t.o.r@gmail.com,random,random,random,random,random,random,random
generacc.c.c.ctor@gmail.com,random,random,random,random,random,random,random
generacc.c.c.cto.r@gmail.com,random,random,random,random,random,random,random
generacc.c.c.ct.or@gmail.com,random,random,random,random,random,random,random
generacc.c.c.ct.o.r@gmail.com,random,random,random,random,random,random,random
generacc.c.c.c.tor@gmail.com,random,random,random,random,random,random,random
generacc.c.c.c.to.r@gmail.com,random,random,random,random,random,random,random
generacc.c.c.c.t.or@gmail.com,random,random,random,random,random,random,random
generacc.c.c.c.t.o.r@gmail.com,random,random,random,random,random,random,random
generac.cccctor@gmail.com,random,random,random,random,random,random,random
generac.ccccto.r@gmail.com,random,random,random,random,random,random,random
generac.cccct.or@gmail.com,random,random,random,random,random,random,random
generac.cccct.o.r@gmail.com,random,random,random,random,random,random,random
generac.cccc.tor@gmail.com,random,random,random,random,random,random,random
generac.cccc.to.r@gmail.com,random,random,random,random,random,random,random
generac.cccc.t.or@gmail.com,random,random,random,random,random,random,random
generac.cccc.t.o.r@gmail.com,random,random,random,random,random,random,random
generac.ccc.ctor@gmail.com,random,random,random,random,random,random,random
generac.ccc.cto.r@gmail.com,random,random,random,random,random,random,random
generac.ccc.ct.or@gmail.com,random,random,random,random,random,random,random
generac.ccc.ct.o.r@gmail.com,random,random,random,random,random,random,random
generac.ccc.c.tor@gmail.com,random,random,random,random,random,random,random
generac.ccc.c.to.r@gmail.com,random,random,random,random,random,random,random
generac.ccc.c.t.or@gmail.com,random,random,random,random,random,random,random
generac.ccc.c.t.o.r@gmail.com,random,random,random,random,random,random,random
generac.cc.cctor@gmail.com,random,random,random,random,random,random,random
generac.cc.ccto.r@gmail.com,random,random,random,random,random,random,random
generac.cc.cct.or@gmail.com,random,random,random,random,random,random,random
generac.cc.cct.o.r@gmail.com,random,random,random,random,random,random,random
generac.cc.cc.tor@gmail.com,random,random,random,random,random,random,random
generac.cc.cc.to.r@gmail.com,random,random,random,random,random,random,random
generac.cc.cc.t.or@gmail.com,random,random,random,random,random,random,random
generac.cc.cc.t.o.r@gmail.com,random,random,random,random,random,random,random
generac.cc.c.ctor@gmail.com,random,random,random,random,random,random,random
generac.cc.c.cto.r@gmail.com,random,random,random,random,random,random,random
generac.cc.c.ct.or@gmail.com,random,random,random,random,random,random,random
generac.cc.c.ct.o.r@gmail.com,random,random,random,random,random,random,random
generac.cc.c.c.tor@gmail.com,random,random,random,random,random,random,random
generac.cc.c.c.to.r@gmail.com,random,random,random,random,random,random,random
generac.cc.c.c.t.or@gmail.com,random,random,random,random,random,random,random
generac.cc.c.c.t.o.r@gmail.com,random,random,random,random,random,random,random
generac.c.ccctor@gmail.com,random,random,random,random,random,random,random
generac.c.cccto.r@gmail.com,random,random,random,random,random,random,random
generac.c.ccct.or@gmail.com,random,random,random,random,random,random,random
generac.c.ccct.o.r@gmail.com,random,random,random,random,random,random,random
generac.c.ccc.tor@gmail.com,random,random,random,random,random,random,random
generac.c.ccc.to.r@gmail.com,random,random,random,random,random,random,random
generac.c.ccc.t.or@gmail.com,random,random,random,random,random,random,random
generac.c.ccc.t.o.r@gmail.com,random,random,random,random,random,random,random
generac.c.cc.ctor@gmail.com,random,random,random,random,random,random,random
generac.c.cc.cto.r@gmail.com,random,random,random,random,random,random,random
generac.c.cc.ct.or@gmail.com,random,random,random,random,random,random,random
generac.c.cc.ct.o.r@gmail.com,random,random,random,random,random,random,random